regiondescription,parentlocation,park,usetype,sitetype,campsitetype,campsiteid,campsitename,loop,campsiteaccessible,campsitelongitude,campsitelatitude,avgBookingWindow,avgLengthStay
Intermountain Region,Zion National Park,WATCHMAN CAMPGROUND,Overnight,TENT ONLY NONELECTRIC,TENT ONLY NONELECTRIC,397,C020,Loop C,TRUE,-112.986886,37.196367,96.886524822695,1.85815602836879
Intermountain Region,Zion National Park,WATCHMAN CAMPGROUND,Overnight,STANDARD ELECTRIC,STANDARD ELECTRIC,359,B037,Loop B,FALSE,-112.989082,37.196097,130.054347826087,2.42391304347826
Intermountain Region,Zion National Park,WATCHMAN CAMPGROUND,Overnight,TENT ONLY NONELECTRIC,TENT ONLY NONELECTRIC,416,D029,Loop D,FALSE,-112.985429,37.196308,109.098039215686,1.94117647058824
Intermountain Region,Zion National Park,WATCHMAN CAMPGROUND,Overnight,WALK TO,WALK TO,535,F014,Loop F,FALSE,-112.986001,37.198306,79.6538461538462,1.88461538461538
Intermountain Region,Zion National Park,WATCHMAN CAMPGROUND,Overnight,TENT ONLY NONELECTRIC,TENT ONLY NONELECTRIC,477,D028,Loop D,FALSE,-112.985685,37.196163,103.776119402985,1.98507462686567
Intermountain Region,Zion National Park,WATCHMAN CAMPGROUND,Overnight,WALK TO,WALK TO,526,F003,Loop F,FALSE,-112.985294,37.197413,93.046357615894,1.91390728476821
Intermountain Region,Zion National Park,WATCHMAN CAMPGROUND,Overnight,WALK TO,WALK TO,529,F005,Loop F,FALSE,-112.985479,37.197554,84.3175675675676,2
Intermountain Region,Zion National Park,WATCHMAN CAMPGROUND,Overnight,STANDARD ELECTRIC,STANDARD ELECTRIC,456,B026,Loop B,FALSE,-112.988726,37.195052,120.983333333333,2.325
Intermountain Region,Zion National Park,WATCHMAN CAMPGROUND,Overnight,TENT ONLY NONELECTRIC,TENT ONLY NONELECTRIC,506,D019,Loop D,FALSE,-112.986114,37.195466,109.234482758621,1.84827586206897
Intermountain Region,Zion National Park,WATCHMAN CAMPGROUND,Overnight,WALK TO,WALK TO,524,F009,Loop F,FALSE,-112.985795,37.197962,86.4041095890411,1.96575342465753
Intermountain Region,Zion National Park,WATCHMAN CAMPGROUND,Overnight,WALK TO,WALK TO,518,F007,Loop F,FALSE,-112.985687,37.197781,79.3314606741573,1.8876404494382
Intermountain Region,Zion National Park,WATCHMAN CAMPGROUND,Overnight,WALK TO,WALK TO,520,F008,Loop F,FALSE,-112.985437,37.197881,85.2013422818792,1.95973154362416
Intermountain Region,Zion National Park,WATCHMAN CAMPGROUND,Overnight,STANDARD ELECTRIC,STANDARD ELECTRIC,407,B039,Loop B,FALSE,-112.989103,37.196271,102.904347826087,2.31304347826087
Intermountain Region,Zion National Park,WATCHMAN CAMPGROUND,Overnight,STANDARD ELECTRIC,STANDARD ELECTRIC,402,B042R,Loop B,FALSE,-112.989892,37.195715,101.085271317829,2.36434108527132
Intermountain Region,Zion National Park,WATCHMAN CAMPGROUND,Overnight,STANDARD ELECTRIC,STANDARD ELECTRIC,395,B038,Loop B,FALSE,-112.988816,37.196401,127.091666666667,2.075
Intermountain Region,Zion National Park,WATCHMAN CAMPGROUND,Overnight,STANDARD ELECTRIC,STANDARD ELECTRIC,376,B011,Loop B,FALSE,-112.989317,37.195168,118.673076923077,2.50961538461538
Intermountain Region,Zion National Park,WATCHMAN CAMPGROUND,Overnight,TENT ONLY NONELECTRIC,TENT ONLY NONELECTRIC,510,C012,Loop C,FALSE,-112.987405,37.1962,93.6503496503497,2.06293706293706
Intermountain Region,Zion National Park,WATCHMAN CAMPGROUND,Overnight,TENT ONLY NONELECTRIC,TENT ONLY NONELECTRIC,487,C006,Loop C,FALSE,-112.987533,37.196834,99.2716049382716,1.73456790123457
Intermountain Region,Zion National Park,WATCHMAN CAMPGROUND,Overnight,TENT ONLY NONELECTRIC,TENT ONLY NONELECTRIC,344,C003,Loop C,FALSE,-112.987393,37.197124,98.448051948052,1.75324675324675
Intermountain Region,Zion National Park,WATCHMAN CAMPGROUND,Overnight,GROUP TENT ONLY AREA NONELECTRIC,GROUP TENT ONLY AREA NONELECTRIC,338,Group Site E007,Zion Group Sites,FALSE,-112.98774,37.195267,139.775280898876,2.15730337078652
Intermountain Region,Zion National Park,WATCHMAN CAMPGROUND,Overnight,TENT ONLY NONELECTRIC,TENT ONLY NONELECTRIC,438,C024,Loop C,FALSE,-112.986625,37.196658,100.919708029197,1.95620437956204
Intermountain Region,Zion National Park,WATCHMAN CAMPGROUND,Overnight,STANDARD ELECTRIC,STANDARD ELECTRIC,394,B028,Loop B,FALSE,-112.988785,37.195219,106.863636363636,2.12121212121212
Intermountain Region,Zion National Park,WATCHMAN CAMPGROUND,Overnight,STANDARD ELECTRIC,STANDARD ELECTRIC,434,B030,Loop B,FALSE,-112.98887,37.195447,103.091666666667,2.1
Intermountain Region,Zion National Park,WATCHMAN CAMPGROUND,Overnight,WALK TO,WALK TO,521,F017,Loop F,FALSE,-112.985532,37.198497,80.2913907284768,1.93377483443709
Intermountain Region,Zion National Park,WATCHMAN CAMPGROUND,Overnight,TENT ONLY NONELECTRIC,TENT ONLY NONELECTRIC,474,C026,Loop C,FALSE,-112.986844,37.196835,84.4350649350649,1.85064935064935
Intermountain Region,Zion National Park,WATCHMAN CAMPGROUND,Overnight,STANDARD ELECTRIC,MANAGEMENT,437,B053b,Loop B,FALSE,-112.989614,37.194298,110.743801652893,2.31404958677686
Intermountain Region,Zion National Park,WATCHMAN CAMPGROUND,Overnight,STANDARD ELECTRIC,STANDARD ELECTRIC,374,B023,Loop B,FALSE,-112.988767,37.194674,116.962962962963,2.03703703703704
Intermountain Region,Zion National Park,WATCHMAN CAMPGROUND,Overnight,TENT ONLY NONELECTRIC,TENT ONLY NONELECTRIC,391,C027,Loop C,FALSE,-112.986593,37.196972,91.8313253012048,1.71084337349398
Intermountain Region,Zion National Park,WATCHMAN CAMPGROUND,Overnight,TENT ONLY NONELECTRIC,TENT ONLY NONELECTRIC,515,D037,Loop D,FALSE,-112.985596,37.19691,108.45390070922,2.00709219858156
Intermountain Region,Zion National Park,WATCHMAN CAMPGROUND,Overnight,TENT ONLY NONELECTRIC,TENT ONLY NONELECTRIC,512,D033,Loop D,FALSE,-112.985478,37.19667,99.2945205479452,1.92465753424658
Intermountain Region,Zion National Park,WATCHMAN CAMPGROUND,Overnight,TENT ONLY NONELECTRIC,TENT ONLY NONELECTRIC,465,D023,Loop D,FALSE,-112.985786,37.195873,81.969512195122,1.82317073170732
Intermountain Region,Zion National Park,WATCHMAN CAMPGROUND,Overnight,WALK TO,WALK TO,532,F010,Loop F,FALSE,-112.98563,37.198046,71.9615384615385,2
Intermountain Region,Zion National Park,WATCHMAN CAMPGROUND,Overnight,GROUP TENT ONLY AREA NONELECTRIC,GROUP TENT ONLY AREA NONELECTRIC,334,Group Site E004,Zion Group Sites,FALSE,-112.98674,37.195112,130.528735632184,2.4367816091954
Intermountain Region,Zion National Park,WATCHMAN CAMPGROUND,Overnight,GROUP TENT ONLY AREA NONELECTRIC,GROUP TENT ONLY AREA NONELECTRIC,335,Group Site E003,Zion Group Sites,FALSE,-112.987224,37.194918,141.813953488372,2.36046511627907
Intermountain Region,Zion National Park,WATCHMAN CAMPGROUND,Overnight,STANDARD ELECTRIC,STANDARD ELECTRIC,373,A011R,Loop A,FALSE,-112.988826,37.19773,102.428571428571,2.96938775510204
Intermountain Region,Zion National Park,WATCHMAN CAMPGROUND,Overnight,MANAGEMENT,MANAGEMENT,466,A016HC,Loop A,TRUE,-112.989204,37.196871,106.066176470588,2.21323529411765
Intermountain Region,Zion National Park,WATCHMAN CAMPGROUND,Overnight,TENT ONLY NONELECTRIC,TENT ONLY NONELECTRIC,349,D003,Loop D,FALSE,-112.986304,37.196943,99.3582089552239,1.93283582089552
Intermountain Region,Zion National Park,WATCHMAN CAMPGROUND,Overnight,WALK TO,WALK TO,519,F006,Loop F,FALSE,-112.985332,37.197756,78.5059523809524,1.88095238095238
Intermountain Region,Zion National Park,WATCHMAN CAMPGROUND,Overnight,STANDARD ELECTRIC,STANDARD ELECTRIC,348,B043,Loop B,FALSE,-112.989685,37.195641,112.152,2.144
Intermountain Region,Zion National Park,WATCHMAN CAMPGROUND,Overnight,STANDARD ELECTRIC,STANDARD ELECTRIC,452,B018a,Loop B,FALSE,-112.989359,37.194461,96.625,1.91666666666667
Intermountain Region,Zion National Park,WATCHMAN CAMPGROUND,Overnight,STANDARD ELECTRIC,STANDARD ELECTRIC,471,A021,Loop A,FALSE,-112.988322,37.197009,116.485981308411,2.38317757009346
Intermountain Region,Zion National Park,WATCHMAN CAMPGROUND,Overnight,STANDARD ELECTRIC,STANDARD ELECTRIC,500,A027,Loop A,FALSE,-112.987844,37.197434,116.22131147541,2.15573770491803
Intermountain Region,Zion National Park,WATCHMAN CAMPGROUND,Overnight,STANDARD ELECTRIC,STANDARD ELECTRIC,406,B029,Loop B,FALSE,-112.989108,37.195378,115.235772357724,2.17886178861789
Intermountain Region,Zion National Park,WATCHMAN CAMPGROUND,Overnight,TENT ONLY NONELECTRIC,TENT ONLY NONELECTRIC,355,C005,Loop C,FALSE,-112.987272,37.196862,99.5155279503106,1.80745341614907
Intermountain Region,Zion National Park,WATCHMAN CAMPGROUND,Overnight,STANDARD ELECTRIC,STANDARD ELECTRIC,365,B006,Loop B,FALSE,-112.989683,37.196022,122.411764705882,2.05882352941176
Intermountain Region,Zion National Park,WATCHMAN CAMPGROUND,Overnight,TENT ONLY NONELECTRIC,TENT ONLY NONELECTRIC,513,D038,Loop D,FALSE,-112.985707,37.197006,93.2551724137931,1.95862068965517
Intermountain Region,Zion National Park,WATCHMAN CAMPGROUND,Overnight,TENT ONLY NONELECTRIC,TENT ONLY NONELECTRIC,460,D017,Loop D,FALSE,-112.986359,37.19552,101.081300813008,2.05691056910569
Intermountain Region,Zion National Park,WATCHMAN CAMPGROUND,Overnight,STANDARD ELECTRIC,STANDARD ELECTRIC,353,B007,Loop B,FALSE,-112.989321,37.195737,107.929032258065,1.90322580645161
Intermountain Region,Zion National Park,WATCHMAN CAMPGROUND,Overnight,STANDARD ELECTRIC,STANDARD ELECTRIC,411,B046R,Loop B,FALSE,-112.989917,37.195081,97.9081632653061,2.77551020408163
Intermountain Region,Zion National Park,WATCHMAN CAMPGROUND,Overnight,STANDARD ELECTRIC,STANDARD ELECTRIC,497,B005,Loop B,FALSE,-112.989374,37.195952,127.138613861386,2.35643564356436
Intermountain Region,Zion National Park,WATCHMAN CAMPGROUND,Overnight,MANAGEMENT,MANAGEMENT,470,D016HC,Loop D,TRUE,-112.986524,37.195652,83.8888888888889,1.84313725490196
Intermountain Region,Zion National Park,WATCHMAN CAMPGROUND,Overnight,STANDARD ELECTRIC,STANDARD ELECTRIC,491,B055R,Loop B,FALSE,-112.98955,37.193999,103.303921568627,2.74509803921569
Intermountain Region,Zion National Park,WATCHMAN CAMPGROUND,Overnight,STANDARD ELECTRIC,STANDARD ELECTRIC,449,A019,Loop A,FALSE,-112.988486,37.196894,120.869158878505,2.45794392523365
Intermountain Region,Zion National Park,WATCHMAN CAMPGROUND,Overnight,TENT ONLY NONELECTRIC,TENT ONLY NONELECTRIC,380,D013,Loop D,FALSE,-112.986307,37.195953,81.7294117647059,1.75294117647059
Intermountain Region,Zion National Park,WATCHMAN CAMPGROUND,Overnight,TENT ONLY NONELECTRIC,TENT ONLY NONELECTRIC,386,D014,Loop D,FALSE,-112.98657,37.195845,85.2165605095541,1.87261146496815
Intermountain Region,Zion National Park,WATCHMAN CAMPGROUND,Overnight,STANDARD ELECTRIC,STANDARD ELECTRIC,486,B019,Loop B,FALSE,-112.988509,37.194277,116.719696969697,2.02272727272727
Intermountain Region,Zion National Park,WATCHMAN CAMPGROUND,Overnight,STANDARD ELECTRIC,STANDARD ELECTRIC,368,A008,Loop A,FALSE,-112.98868,37.197587,107.425196850394,2.31496062992126
Intermountain Region,Zion National Park,WATCHMAN CAMPGROUND,Overnight,STANDARD ELECTRIC,STANDARD ELECTRIC,446,A009R,Loop A,FALSE,-112.988703,37.197817,110.607476635514,2.73831775700935
Intermountain Region,Zion National Park,WATCHMAN CAMPGROUND,Overnight,TENT ONLY NONELECTRIC,TENT ONLY NONELECTRIC,364,D027,Loop D,FALSE,-112.985441,37.196157,77.0981595092025,2.12269938650307
Intermountain Region,Zion National Park,WATCHMAN CAMPGROUND,Overnight,TENT ONLY NONELECTRIC,TENT ONLY NONELECTRIC,516,D035,Loop D,FALSE,-112.985519,37.196792,95.7435897435897,1.99358974358974
Intermountain Region,Zion National Park,WATCHMAN CAMPGROUND,Overnight,STANDARD ELECTRIC,STANDARD ELECTRIC,499,A010,Loop A,FALSE,-112.98883,37.1974,104.339805825243,2.86407766990291
Intermountain Region,Zion National Park,WATCHMAN CAMPGROUND,Overnight,STANDARD ELECTRIC,STANDARD ELECTRIC,495,A006,Loop A,FALSE,-112.988435,37.19773,101.762237762238,2.34965034965035
Intermountain Region,Zion National Park,WATCHMAN CAMPGROUND,Overnight,TENT ONLY NONELECTRIC,TENT ONLY NONELECTRIC,488,C025,Loop C,FALSE,-112.986605,37.19681,97.3311258278146,1.90066225165563
Intermountain Region,Zion National Park,WATCHMAN CAMPGROUND,Overnight,STANDARD ELECTRIC,STANDARD ELECTRIC,339,A023,Loop A,FALSE,-112.988138,37.197158,100.48031496063,2.19685039370079
Intermountain Region,Zion National Park,WATCHMAN CAMPGROUND,Overnight,STANDARD ELECTRIC,STANDARD ELECTRIC,484,A018,Loop A,FALSE,-112.988779,37.196955,119.69918699187,2.30894308943089
Intermountain Region,Zion National Park,WATCHMAN CAMPGROUND,Overnight,WALK TO,WALK TO,525,F012,Loop F,FALSE,-112.985414,37.198222,86.8235294117647,1.89411764705882
Intermountain Region,Zion National Park,WATCHMAN CAMPGROUND,Overnight,STANDARD ELECTRIC,STANDARD ELECTRIC,440,A005R,Loop A,TRUE,-112.988336,37.197965,128.114942528736,3.17241379310345
Intermountain Region,Zion National Park,WATCHMAN CAMPGROUND,Overnight,STANDARD ELECTRIC,STANDARD ELECTRIC,370,B013,Loop B,FALSE,-112.989184,37.194698,114.043010752688,2.66666666666667
Intermountain Region,Zion National Park,WATCHMAN CAMPGROUND,Overnight,STANDARD ELECTRIC,STANDARD ELECTRIC,347,B060,Loop B,FALSE,-112.988832,37.193998,101.379310344828,2.31724137931035
Intermountain Region,Zion National Park,WATCHMAN CAMPGROUND,Overnight,WALK TO,WALK TO,528,F015,Loop F,FALSE,-112.985808,37.19835,70.2956989247312,1.77956989247312
Intermountain Region,Zion National Park,WATCHMAN CAMPGROUND,Overnight,GROUP TENT ONLY AREA NONELECTRIC,GROUP TENT ONLY AREA NONELECTRIC,336,Group Site E005,Zion Group Sites,FALSE,-112.987403,37.1955,129.630872483222,1.85906040268456
Intermountain Region,Zion National Park,WATCHMAN CAMPGROUND,Overnight,TENT ONLY NONELECTRIC,TENT ONLY NONELECTRIC,403,D036,Loop D,FALSE,-112.985819,37.196823,91.5114503816794,1.9236641221374
Intermountain Region,Zion National Park,WATCHMAN CAMPGROUND,Overnight,TENT ONLY NONELECTRIC,TENT ONLY NONELECTRIC,463,C017,Loop C,FALSE,-112.986729,37.196013,85.4303030303031,1.82424242424242
Intermountain Region,Zion National Park,WATCHMAN CAMPGROUND,Overnight,TENT ONLY NONELECTRIC,TENT ONLY NONELECTRIC,372,D031,Loop D,FALSE,-112.985437,37.196505,99.41875,1.78125
Intermountain Region,Zion National Park,WATCHMAN CAMPGROUND,Overnight,TENT ONLY NONELECTRIC,TENT ONLY NONELECTRIC,511,C022,Loop C,FALSE,-112.986627,37.196514,100.510067114094,1.79194630872483
Intermountain Region,Zion National Park,WATCHMAN CAMPGROUND,Overnight,TENT ONLY NONELECTRIC,TENT ONLY NONELECTRIC,400,C009,Loop C,FALSE,-112.987655,37.19657,90.8695652173913,1.65217391304348
Intermountain Region,Zion National Park,WATCHMAN CAMPGROUND,Overnight,TENT ONLY NONELECTRIC,TENT ONLY NONELECTRIC,429,D030,Loop D,FALSE,-112.985667,37.196316,99.843137254902,1.83660130718954
Intermountain Region,Zion National Park,WATCHMAN CAMPGROUND,Overnight,TENT ONLY NONELECTRIC,TENT ONLY NONELECTRIC,415,C010,Loop C,FALSE,-112.987736,37.196363,97.3355704697987,1.86577181208054
Intermountain Region,Zion National Park,WATCHMAN CAMPGROUND,Overnight,STANDARD ELECTRIC,STANDARD ELECTRIC,444,B050R,Loop B,FALSE,-112.989922,37.19474,83.2454545454546,2.69090909090909
Intermountain Region,Zion National Park,WATCHMAN CAMPGROUND,Overnight,TENT ONLY NONELECTRIC,TENT ONLY NONELECTRIC,390,D020,Loop D,FALSE,-112.985796,37.195535,99.6811594202899,2.09420289855072
Intermountain Region,Zion National Park,WATCHMAN CAMPGROUND,Overnight,STANDARD ELECTRIC,STANDARD ELECTRIC,475,B056R,Loop B,FALSE,-112.98935,37.19391,122.691176470588,3.27941176470588
Intermountain Region,Zion National Park,WATCHMAN CAMPGROUND,Overnight,TENT ONLY NONELECTRIC,TENT ONLY NONELECTRIC,450,C013,Loop C,FALSE,-112.987262,37.196135,90.6139240506329,1.92405063291139
Intermountain Region,Zion National Park,WATCHMAN CAMPGROUND,Overnight,STANDARD ELECTRIC,STANDARD ELECTRIC,383,B003,Loop B,FALSE,-112.989511,37.196096,117.421875,2
Intermountain Region,Zion National Park,WATCHMAN CAMPGROUND,Overnight,STANDARD ELECTRIC,STANDARD ELECTRIC,507,A004,Loop A,FALSE,-112.98821,37.197797,118.518796992481,2.1203007518797
Intermountain Region,Zion National Park,WATCHMAN CAMPGROUND,Overnight,STANDARD ELECTRIC,STANDARD ELECTRIC,508,B012,Loop B,FALSE,-112.989264,37.194982,111.901639344262,2.09836065573771
Intermountain Region,Zion National Park,WATCHMAN CAMPGROUND,Overnight,STANDARD ELECTRIC,STANDARD ELECTRIC,443,B009,Loop B,FALSE,-112.989358,37.19529,100.284671532847,2.10948905109489
Intermountain Region,Zion National Park,WATCHMAN CAMPGROUND,Overnight,STANDARD ELECTRIC,STANDARD ELECTRIC,341,B059,Loop B,FALSE,-112.988911,37.194201,115.3125,2.39285714285714
Intermountain Region,Zion National Park,WATCHMAN CAMPGROUND,Overnight,TENT ONLY NONELECTRIC,TENT ONLY NONELECTRIC,419,C028,Loop C,FALSE,-112.986832,37.196975,86.2025316455696,1.87341772151899
Intermountain Region,Zion National Park,WATCHMAN CAMPGROUND,Overnight,TENT ONLY NONELECTRIC,TENT ONLY NONELECTRIC,371,D012,Loop D,FALSE,-112.986534,37.196014,80.4181818181818,1.8
Intermountain Region,Zion National Park,WATCHMAN CAMPGROUND,Overnight,STANDARD ELECTRIC,STANDARD ELECTRIC,361,B049,Loop B,FALSE,-112.989675,37.194598,125.827586206897,2.35344827586207
Intermountain Region,Zion National Park,WATCHMAN CAMPGROUND,Overnight,STANDARD ELECTRIC,STANDARD ELECTRIC,382,A002,Loop A,FALSE,-112.987966,37.197834,100.691666666667,2.19166666666667
Intermountain Region,Zion National Park,WATCHMAN CAMPGROUND,Overnight,STANDARD ELECTRIC,STANDARD ELECTRIC,367,B052R,Loop B,FALSE,-112.989901,37.194365,134.244680851064,3
Intermountain Region,Zion National Park,WATCHMAN CAMPGROUND,Overnight,STANDARD ELECTRIC,STANDARD ELECTRIC,431,B020,Loop B,FALSE,-112.988455,37.194454,97.6532258064516,2.26612903225806
Intermountain Region,Zion National Park,WATCHMAN CAMPGROUND,Overnight,TENT ONLY NONELECTRIC,TENT ONLY NONELECTRIC,493,D004,Loop D,FALSE,-112.986104,37.196777,93.8581081081081,1.98648648648649
Intermountain Region,Zion National Park,WATCHMAN CAMPGROUND,Overnight,STANDARD ELECTRIC,STANDARD ELECTRIC,485,A015R,Loop A,FALSE,-112.989301,37.197115,122.666666666667,3.05376344086022
Intermountain Region,Zion National Park,WATCHMAN CAMPGROUND,Overnight,STANDARD ELECTRIC,STANDARD ELECTRIC,389,B058,Loop B,FALSE,-112.989003,37.193941,121.72,2.67
Intermountain Region,Zion National Park,WATCHMAN CAMPGROUND,Overnight,STANDARD ELECTRIC,STANDARD ELECTRIC,405,B004,Loop B,FALSE,-112.98979,37.19616,101.7421875,2.203125
Intermountain Region,Zion National Park,WATCHMAN CAMPGROUND,Overnight,TENT ONLY NONELECTRIC,TENT ONLY NONELECTRIC,447,C021,Loop C,FALSE,-112.98686,37.196516,88.5723270440252,1.71069182389937
Intermountain Region,Zion National Park,WATCHMAN CAMPGROUND,Overnight,STANDARD ELECTRIC,STANDARD ELECTRIC,425,B041,Loop B,FALSE,-112.989753,37.195827,136.103448275862,2.33620689655172
Intermountain Region,Zion National Park,WATCHMAN CAMPGROUND,Overnight,STANDARD ELECTRIC,STANDARD ELECTRIC,451,B001,Loop B,FALSE,-112.989505,37.196355,115.956204379562,1.95620437956204
Intermountain Region,Zion National Park,WATCHMAN CAMPGROUND,Overnight,MANAGEMENT,MANAGEMENT,360,C016HC,Loop C,TRUE,-112.986969,37.196066,93.6753246753247,1.87662337662338
Intermountain Region,Zion National Park,WATCHMAN CAMPGROUND,Overnight,TENT ONLY NONELECTRIC,TENT ONLY NONELECTRIC,366,C015,Loop C,FALSE,-112.987275,37.195927,93.1768292682927,1.8109756097561
Intermountain Region,Zion National Park,WATCHMAN CAMPGROUND,Overnight,TENT ONLY NONELECTRIC,TENT ONLY NONELECTRIC,483,D008,Loop D,FALSE,-112.986187,37.196471,101.321428571429,2.00714285714286
Intermountain Region,Zion National Park,WATCHMAN CAMPGROUND,Overnight,TENT ONLY NONELECTRIC,TENT ONLY NONELECTRIC,458,C019,Loop C,FALSE,-112.986653,37.196327,87.6601307189543,1.88888888888889
Intermountain Region,Zion National Park,WATCHMAN CAMPGROUND,Overnight,STANDARD ELECTRIC,STANDARD ELECTRIC,387,B017,Loop B,FALSE,-112.988967,37.19446,142.324324324324,2.09009009009009
Intermountain Region,Zion National Park,WATCHMAN CAMPGROUND,Overnight,TENT ONLY NONELECTRIC,TENT ONLY NONELECTRIC,398,D001,Loop D,FALSE,-112.986282,37.19708,98.4779874213837,1.72327044025157
Intermountain Region,Zion National Park,WATCHMAN CAMPGROUND,Overnight,STANDARD ELECTRIC,STANDARD ELECTRIC,457,B044R,Loop B,FALSE,-112.989955,37.195402,50.7241379310345,2.70344827586207
Intermountain Region,Zion National Park,WATCHMAN CAMPGROUND,Overnight,WALK TO,WALK TO,534,F011,Loop F,FALSE,-112.985292,37.19798,85.0487804878049,1.80487804878049
Intermountain Region,Zion National Park,WATCHMAN CAMPGROUND,Overnight,STANDARD ELECTRIC,STANDARD ELECTRIC,436,B047,Loop B,FALSE,-112.989699,37.194841,116.095652173913,2.26086956521739
Intermountain Region,Zion National Park,WATCHMAN CAMPGROUND,Overnight,STANDARD ELECTRIC,STANDARD ELECTRIC,439,B057,Loop B,FALSE,-112.989258,37.194087,121.81512605042,2.36974789915966
Intermountain Region,Zion National Park,WATCHMAN CAMPGROUND,Overnight,WALK TO,WALK TO,527,F002,Loop F,FALSE,-112.985239,37.19718,86.6477272727273,1.77840909090909
Intermountain Region,Zion National Park,WATCHMAN CAMPGROUND,Overnight,TENT ONLY NONELECTRIC,TENT ONLY NONELECTRIC,369,C002,Loop C,FALSE,-112.987103,37.197167,100.968152866242,1.7515923566879
Intermountain Region,Zion National Park,WATCHMAN CAMPGROUND,Overnight,WALK TO,WALK TO,533,F001,Loop F,FALSE,-112.985439,37.197185,86.3353658536585,1.85365853658537
Intermountain Region,Zion National Park,WATCHMAN CAMPGROUND,Overnight,TENT ONLY NONELECTRIC,TENT ONLY NONELECTRIC,384,C011,Loop C,FALSE,-112.987493,37.196306,90.2657342657343,1.86013986013986
Intermountain Region,Zion National Park,WATCHMAN CAMPGROUND,Overnight,STANDARD ELECTRIC,STANDARD ELECTRIC,404,A014R,Loop A,FALSE,-112.989217,37.197307,121.83,2.47
Intermountain Region,Zion National Park,WATCHMAN CAMPGROUND,Overnight,TENT ONLY NONELECTRIC,TENT ONLY NONELECTRIC,393,C004,Loop C,FALSE,-112.98745,37.197,102.086419753086,1.7283950617284
Intermountain Region,Zion National Park,WATCHMAN CAMPGROUND,Overnight,TENT ONLY NONELECTRIC,TENT ONLY NONELECTRIC,362,D005,Loop D,FALSE,-112.986346,37.196774,98.9160839160839,1.81118881118881
Intermountain Region,Zion National Park,WATCHMAN CAMPGROUND,Overnight,TENT ONLY NONELECTRIC,TENT ONLY NONELECTRIC,448,D021,Loop D,FALSE,-112.985667,37.195655,113.873873873874,2.30630630630631
Intermountain Region,Zion National Park,WATCHMAN CAMPGROUND,Overnight,WALK TO,WALK TO,523,F016,Loop F,FALSE,-112.985787,37.198511,76.6823529411765,1.92352941176471
Intermountain Region,Zion National Park,WATCHMAN CAMPGROUND,Overnight,TENT ONLY NONELECTRIC,TENT ONLY NONELECTRIC,517,D039,Loop D,FALSE,-112.985933,37.196905,89.6329113924051,1.82278481012658
Intermountain Region,Zion National Park,WATCHMAN CAMPGROUND,Overnight,STANDARD ELECTRIC,STANDARD ELECTRIC,427,B051,Loop B,FALSE,-112.989623,37.194449,124.019801980198,2.66336633663366
Intermountain Region,Zion National Park,WATCHMAN CAMPGROUND,Overnight,STANDARD ELECTRIC,STANDARD ELECTRIC,505,B008,Loop B,FALSE,-112.989353,37.195504,104.851851851852,1.88888888888889
Intermountain Region,Zion National Park,WATCHMAN CAMPGROUND,Overnight,STANDARD ELECTRIC,STANDARD ELECTRIC,467,A029,Loop A,FALSE,-112.987721,37.197557,107.723577235772,2.11382113821138
Intermountain Region,Zion National Park,WATCHMAN CAMPGROUND,Overnight,STANDARD ELECTRIC,STANDARD ELECTRIC,388,B033,Loop B,FALSE,-112.989144,37.195695,107.483333333333,2.25
Intermountain Region,Zion National Park,WATCHMAN CAMPGROUND,Overnight,TENT ONLY NONELECTRIC,TENT ONLY NONELECTRIC,435,D022,Loop D,FALSE,-112.985865,37.195751,89.4444444444445,1.86549707602339
Intermountain Region,Zion National Park,WATCHMAN CAMPGROUND,Overnight,TENT ONLY NONELECTRIC,TENT ONLY NONELECTRIC,498,D034,Loop D,FALSE,-112.985731,37.196715,92.8723404255319,1.88652482269504
Intermountain Region,Zion National Park,WATCHMAN CAMPGROUND,Overnight,STANDARD ELECTRIC,STANDARD ELECTRIC,357,B027,Loop B,FALSE,-112.989042,37.195197,125.958333333333,2.25
Intermountain Region,Zion National Park,WATCHMAN CAMPGROUND,Overnight,STANDARD ELECTRIC,STANDARD ELECTRIC,401,B031,Loop B,FALSE,-112.989143,37.195556,119.25641025641,2.13675213675214
Intermountain Region,Zion National Park,WATCHMAN CAMPGROUND,Overnight,WALK TO,WALK TO,530,F013,Loop F,FALSE,-112.985969,37.198105,76.986013986014,2.16083916083916
Intermountain Region,Zion National Park,WATCHMAN CAMPGROUND,Overnight,STANDARD ELECTRIC,STANDARD ELECTRIC,352,A022,Loop A,FALSE,-112.988459,37.197176,116.313559322034,2.33050847457627
Intermountain Region,Zion National Park,WATCHMAN CAMPGROUND,Overnight,STANDARD ELECTRIC,STANDARD ELECTRIC,379,B024,Loop B,FALSE,-112.988657,37.194943,117.241379310345,2.13793103448276
Intermountain Region,Zion National Park,WATCHMAN CAMPGROUND,Overnight,STANDARD ELECTRIC,STANDARD ELECTRIC,462,B002,Loop B,FALSE,-112.989805,37.196289,115.439024390244,2.17073170731707
Intermountain Region,Zion National Park,WATCHMAN CAMPGROUND,Overnight,TENT ONLY NONELECTRIC,TENT ONLY NONELECTRIC,428,D011,Loop D,TRUE,-112.986269,37.196124,88.4844720496895,1.72049689440994
Intermountain Region,Zion National Park,WATCHMAN CAMPGROUND,Overnight,STANDARD ELECTRIC,STANDARD ELECTRIC,396,B045,Loop B,FALSE,-112.989708,37.194986,108.042016806723,2.47058823529412
Intermountain Region,Zion National Park,WATCHMAN CAMPGROUND,Overnight,STANDARD ELECTRIC,STANDARD ELECTRIC,417,A007,Loop A,FALSE,-112.988542,37.197894,100.6875,2.46428571428571
Intermountain Region,Zion National Park,WATCHMAN CAMPGROUND,Overnight,TENT ONLY NONELECTRIC,TENT ONLY NONELECTRIC,414,D032,Loop D,FALSE,-112.985672,37.196504,107.206106870229,2.13740458015267
Intermountain Region,Zion National Park,WATCHMAN CAMPGROUND,Overnight,STANDARD ELECTRIC,STANDARD ELECTRIC,430,A024,Loop A,FALSE,-112.988444,37.197297,112.228070175439,2.30701754385965
Intermountain Region,Zion National Park,WATCHMAN CAMPGROUND,Overnight,STANDARD ELECTRIC,STANDARD ELECTRIC,354,B010,Loop B,FALSE,-112.989515,37.19506,98.3565891472868,2.14728682170543
Intermountain Region,Zion National Park,WATCHMAN CAMPGROUND,Overnight,TENT ONLY NONELECTRIC,TENT ONLY NONELECTRIC,350,D025,Loop D,FALSE,-112.985487,37.19599,81.2641509433962,1.84905660377359
Intermountain Region,Zion National Park,WATCHMAN CAMPGROUND,Overnight,TENT ONLY NONELECTRIC,TENT ONLY NONELECTRIC,426,C018,Loop C,FALSE,-112.986671,37.196171,100.697841726619,1.82014388489209
Intermountain Region,Zion National Park,WATCHMAN CAMPGROUND,Overnight,STANDARD ELECTRIC,STANDARD ELECTRIC,492,B061,Loop B,FALSE,-112.988651,37.194143,88.650406504065,2.13008130081301
Intermountain Region,Zion National Park,WATCHMAN CAMPGROUND,Overnight,WALK TO,WALK TO,522,F004,Loop F,FALSE,-112.985184,37.197553,90.2516556291391,1.96026490066225
Intermountain Region,Zion National Park,WATCHMAN CAMPGROUND,Overnight,STANDARD ELECTRIC,STANDARD ELECTRIC,482,B022,Loop B,FALSE,-112.988475,37.194604,115.585585585586,2.63963963963964
Intermountain Region,Zion National Park,WATCHMAN CAMPGROUND,Overnight,TENT ONLY NONELECTRIC,TENT ONLY NONELECTRIC,356,C007,Loop C,FALSE,-112.98735,37.196671,95.7212121212121,1.73939393939394
Intermountain Region,Zion National Park,WATCHMAN CAMPGROUND,Overnight,TENT ONLY NONELECTRIC,TENT ONLY NONELECTRIC,418,D006,Loop D,FALSE,-112.986144,37.196621,97.5277777777778,1.92361111111111
Intermountain Region,Zion National Park,WATCHMAN CAMPGROUND,Overnight,STANDARD ELECTRIC,STANDARD ELECTRIC,385,B034,Loop B,FALSE,-112.988837,37.195907,120.181818181818,2.48484848484849
Intermountain Region,Zion National Park,WATCHMAN CAMPGROUND,Overnight,STANDARD ELECTRIC,STANDARD ELECTRIC,422,B014,Loop B,FALSE,-112.989466,37.194805,129.469026548673,2.07079646017699
Intermountain Region,Zion National Park,WATCHMAN CAMPGROUND,Overnight,TENT ONLY NONELECTRIC,TENT ONLY NONELECTRIC,342,D015,Loop D,FALSE,-112.98633,37.195775,88.4864864864865,1.87837837837838
Intermountain Region,Zion National Park,WATCHMAN CAMPGROUND,Overnight,STANDARD ELECTRIC,STANDARD ELECTRIC,481,A012,Loop A,FALSE,-112.989018,37.197173,95.664,2.528
Intermountain Region,Zion National Park,WATCHMAN CAMPGROUND,Overnight,GROUP TENT ONLY AREA NONELECTRIC,GROUP TENT ONLY AREA NONELECTRIC,332,Group Site E002,Zion Group Sites,FALSE,-112.987818,37.19493,126.150442477876,2.09734513274336
Intermountain Region,Zion National Park,WATCHMAN CAMPGROUND,Overnight,STANDARD ELECTRIC,STANDARD ELECTRIC,345,B018c,Loop B,FALSE,-112.989299,37.194368,113.584615384615,2.07692307692308
Intermountain Region,Zion National Park,WATCHMAN CAMPGROUND,Overnight,STANDARD ELECTRIC,STANDARD ELECTRIC,340,B025,Loop B,FALSE,-112.988967,37.195057,129.26213592233,2.46601941747573
Intermountain Region,Zion National Park,WATCHMAN CAMPGROUND,Overnight,TENT ONLY NONELECTRIC,TENT ONLY NONELECTRIC,441,C023,Loop C,FALSE,-112.98686,37.196658,86.82,2.05333333333333
Intermountain Region,Zion National Park,WATCHMAN CAMPGROUND,Overnight,TENT ONLY NONELECTRIC,TENT ONLY NONELECTRIC,494,D026,Loop D,FALSE,-112.985722,37.196014,95.2575757575758,2.06818181818182
Intermountain Region,Zion National Park,WATCHMAN CAMPGROUND,Overnight,STANDARD ELECTRIC,STANDARD ELECTRIC,461,A013R,Loop A,FALSE,-112.989098,37.197433,102.485148514851,2.99009900990099
Intermountain Region,Zion National Park,WATCHMAN CAMPGROUND,Overnight,TENT ONLY NONELECTRIC,TENT ONLY NONELECTRIC,351,D010,Loop D,FALSE,-112.986457,37.196332,78.9797297297297,2.00675675675676
Intermountain Region,Zion National Park,WATCHMAN CAMPGROUND,Overnight,STANDARD ELECTRIC,STANDARD ELECTRIC,421,A020,Loop A,FALSE,-112.98859,37.197061,97.4965986394558,2.25170068027211
Intermountain Region,Zion National Park,WATCHMAN CAMPGROUND,Overnight,STANDARD ELECTRIC,STANDARD ELECTRIC,509,B035,Loop B,FALSE,-112.989102,37.195858,137.342342342342,2.4954954954955
Intermountain Region,Zion National Park,WATCHMAN CAMPGROUND,Overnight,STANDARD ELECTRIC,STANDARD ELECTRIC,392,A030,Loop A,FALSE,-112.987884,37.197714,128.47619047619,1.8968253968254
Intermountain Region,Zion National Park,WATCHMAN CAMPGROUND,Overnight,STANDARD ELECTRIC,STANDARD ELECTRIC,501,A028,Loop A,FALSE,-112.988042,37.197563,110.650684931507,2.06164383561644
Intermountain Region,Zion National Park,WATCHMAN CAMPGROUND,Overnight,STANDARD ELECTRIC,STANDARD ELECTRIC,346,B054R,Loop B,FALSE,-112.989793,37.194207,101.041666666667,2.95833333333333
Intermountain Region,Zion National Park,WATCHMAN CAMPGROUND,Overnight,STANDARD ELECTRIC,STANDARD ELECTRIC,473,B036,Loop B,FALSE,-112.988834,37.196132,119.724770642202,2.43119266055046
Intermountain Region,Zion National Park,WATCHMAN CAMPGROUND,Overnight,STANDARD ELECTRIC,STANDARD ELECTRIC,468,B048R,Loop B,FALSE,-112.989923,37.194871,94.0990990990991,2.6036036036036
Intermountain Region,Zion National Park,WATCHMAN CAMPGROUND,Overnight,STANDARD ELECTRIC,STANDARD ELECTRIC,412,B053c,Loop B,FALSE,-112.989586,37.194264,119.735042735043,2.28205128205128
Intermountain Region,Zion National Park,WATCHMAN CAMPGROUND,Overnight,STANDARD ELECTRIC,STANDARD ELECTRIC,375,B015,Loop B,FALSE,-112.989102,37.194558,113.596899224806,2.23255813953488
Intermountain Region,Zion National Park,WATCHMAN CAMPGROUND,Overnight,STANDARD ELECTRIC,STANDARD ELECTRIC,358,B032,Loop B,FALSE,-112.988877,37.195696,122.979797979798,2.35353535353535
Intermountain Region,Zion National Park,WATCHMAN CAMPGROUND,Overnight,STANDARD ELECTRIC,STANDARD ELECTRIC,472,B021,Loop B,FALSE,-112.988677,37.194465,109.803149606299,2.03149606299213
Intermountain Region,Zion National Park,WATCHMAN CAMPGROUND,Overnight,TENT ONLY NONELECTRIC,TENT ONLY NONELECTRIC,399,D009,Loop D,FALSE,-112.986417,37.196488,89.3658536585366,2.1869918699187
Intermountain Region,Zion National Park,WATCHMAN CAMPGROUND,Overnight,STANDARD ELECTRIC,STANDARD ELECTRIC,442,B053a,Loop B,FALSE,-112.989637,37.194326,109.148760330579,2.21487603305785
Intermountain Region,Zion National Park,WATCHMAN CAMPGROUND,Overnight,STANDARD ELECTRIC,STANDARD ELECTRIC,496,A025,Loop A,FALSE,-112.987942,37.1973,125.099099099099,2.27927927927928
Intermountain Region,Zion National Park,WATCHMAN CAMPGROUND,Overnight,TENT ONLY NONELECTRIC,TENT ONLY NONELECTRIC,381,D024,Loop D,FALSE,-112.985547,37.195841,116.654135338346,1.90225563909774
Intermountain Region,Zion National Park,WATCHMAN CAMPGROUND,Overnight,WALK TO,WALK TO,531,F018,Loop F,FALSE,-112.985577,37.1987,87.9470588235294,1.75882352941176
Intermountain Region,Zion National Park,WATCHMAN CAMPGROUND,Overnight,TENT ONLY NONELECTRIC,TENT ONLY NONELECTRIC,413,D002,Loop D,FALSE,-112.986075,37.196942,93.8581081081081,1.96621621621622
Intermountain Region,Zion National Park,WATCHMAN CAMPGROUND,Overnight,TENT ONLY NONELECTRIC,TENT ONLY NONELECTRIC,363,D018,Loop D,FALSE,-112.986159,37.195664,93.726618705036,2.0431654676259
Intermountain Region,Zion National Park,WATCHMAN CAMPGROUND,Overnight,TENT ONLY NONELECTRIC,TENT ONLY NONELECTRIC,423,C008,Loop C,FALSE,-112.98743,37.196521,97.5034965034965,1.74825174825175
Intermountain Region,Zion National Park,WATCHMAN CAMPGROUND,Overnight,STANDARD ELECTRIC,MANAGEMENT,378,B018b,Loop B,FALSE,-112.989334,37.194426,109.927536231884,1.89855072463768
Intermountain Region,Zion National Park,WATCHMAN CAMPGROUND,Overnight,TENT ONLY NONELECTRIC,TENT ONLY NONELECTRIC,424,C014,Loop C,TRUE,-112.987491,37.196017,101.093525179856,1.92805755395683
Intermountain Region,Zion National Park,WATCHMAN CAMPGROUND,Overnight,STANDARD ELECTRIC,STANDARD ELECTRIC,343,A003,Loop A,FALSE,-112.988028,37.198021,111.93893129771,2.14503816793893
Intermountain Region,Zion National Park,WATCHMAN CAMPGROUND,Overnight,GROUP TENT ONLY AREA NONELECTRIC,GROUP TENT ONLY AREA NONELECTRIC,333,Group Site E001,Zion Group Sites,FALSE,-112.987421,37.194671,148.852631578947,2.16842105263158
