OrgID,RegionCode,RegionDescription,ParentLocationID,ParentLocation,FacilityID,FacilityZIP,LegacyFacilityID,Park,UseType,CampsiteID,CampsiteName,CampsiteType,TypeOfUse,Loop,CampsiteAccessible,CampsiteLongitude,CampsiteLatitude,avgBookingWindow
128,ZION-1590,Zion National Park,74324,Intermountain Region,232445,84767,70923,Watchman (UT),Overnight,382,A002,STANDARD ELECTRIC,Overnight,Loop A,FALSE,-112.987966,37.197834,100.384615384615
128,ZION-1590,Zion National Park,74324,Intermountain Region,232445,84767,70923,Watchman (UT),Overnight,343,A003,STANDARD ELECTRIC,Overnight,Loop A,FALSE,-112.988028,37.198021,107.492537313433
128,ZION-1590,Zion National Park,74324,Intermountain Region,232445,84767,70923,Watchman (UT),Overnight,507,A004,STANDARD ELECTRIC,Overnight,Loop A,FALSE,-112.98821,37.197797,110.395833333333
128,ZION-1590,Zion National Park,74324,Intermountain Region,232445,84767,70923,Watchman (UT),Overnight,440,A005R,STANDARD ELECTRIC,Overnight,Loop A,TRUE,-112.988336,37.197965,87.3260869565217
128,ZION-1590,Zion National Park,74324,Intermountain Region,232445,84767,70923,Watchman (UT),Overnight,495,A006,STANDARD ELECTRIC,Overnight,Loop A,FALSE,-112.988435,37.19773,92.2911392405063
128,ZION-1590,Zion National Park,74324,Intermountain Region,232445,84767,70923,Watchman (UT),Overnight,417,A007R,STANDARD ELECTRIC,Overnight,Loop A,FALSE,-112.988542,37.197894,107.370967741935
128,ZION-1590,Zion National Park,74324,Intermountain Region,232445,84767,70923,Watchman (UT),Overnight,368,A008,STANDARD ELECTRIC,Overnight,Loop A,FALSE,-112.98868,37.197587,90.9230769230769
128,ZION-1590,Zion National Park,74324,Intermountain Region,232445,84767,70923,Watchman (UT),Overnight,446,A009R,STANDARD ELECTRIC,Overnight,Loop A,FALSE,-112.988703,37.197817,89.7080291970803
128,ZION-1590,Zion National Park,74324,Intermountain Region,232445,84767,70923,Watchman (UT),Overnight,499,A010,STANDARD ELECTRIC,Overnight,Loop A,FALSE,-112.98883,37.1974,95.2325581395349
128,ZION-1590,Zion National Park,74324,Intermountain Region,232445,84767,70923,Watchman (UT),Overnight,373,A011R,STANDARD ELECTRIC,Overnight,Loop A,FALSE,-112.988826,37.19773,83.2013888888889
128,ZION-1590,Zion National Park,74324,Intermountain Region,232445,84767,70923,Watchman (UT),Overnight,481,A012,STANDARD ELECTRIC,Overnight,Loop A,FALSE,-112.989018,37.197173,103.676470588235
128,ZION-1590,Zion National Park,74324,Intermountain Region,232445,84767,70923,Watchman (UT),Overnight,461,A013R,STANDARD ELECTRIC,Overnight,Loop A,FALSE,-112.989098,37.197433,96.9148936170213
128,ZION-1590,Zion National Park,74324,Intermountain Region,232445,84767,70923,Watchman (UT),Overnight,404,A014R,STANDARD ELECTRIC,Overnight,Loop A,FALSE,-112.989217,37.197307,108.615384615385
128,ZION-1590,Zion National Park,74324,Intermountain Region,232445,84767,70923,Watchman (UT),Overnight,485,A015R,STANDARD ELECTRIC,Overnight,Loop A,FALSE,-112.989301,37.197115,99.858064516129
128,ZION-1590,Zion National Park,74324,Intermountain Region,232445,84767,70923,Watchman (UT),Overnight,466,A016HC,MANAGEMENT,Overnight,Loop A,TRUE,-112.989204,37.196871,78.6331360946746
128,ZION-1590,Zion National Park,74324,Intermountain Region,232445,84767,70923,Watchman (UT),Overnight,484,A018,STANDARD ELECTRIC,Overnight,Loop A,FALSE,-112.988779,37.196955,100.21935483871
128,ZION-1590,Zion National Park,74324,Intermountain Region,232445,84767,70923,Watchman (UT),Overnight,449,A019,STANDARD ELECTRIC,Overnight,Loop A,FALSE,-112.988486,37.196894,95.48
128,ZION-1590,Zion National Park,74324,Intermountain Region,232445,84767,70923,Watchman (UT),Overnight,421,A020,STANDARD ELECTRIC,Overnight,Loop A,FALSE,-112.98859,37.197061,99.0612244897959
128,ZION-1590,Zion National Park,74324,Intermountain Region,232445,84767,70923,Watchman (UT),Overnight,471,A021,STANDARD ELECTRIC,Overnight,Loop A,FALSE,-112.988322,37.197009,97.503937007874
128,ZION-1590,Zion National Park,74324,Intermountain Region,232445,84767,70923,Watchman (UT),Overnight,352,A022,STANDARD ELECTRIC,Overnight,Loop A,FALSE,-112.988459,37.197176,84.9691358024692
128,ZION-1590,Zion National Park,74324,Intermountain Region,232445,84767,70923,Watchman (UT),Overnight,339,A023,STANDARD ELECTRIC,Overnight,Loop A,FALSE,-112.988138,37.197158,99.6694915254237
128,ZION-1590,Zion National Park,74324,Intermountain Region,232445,84767,70923,Watchman (UT),Overnight,430,A024,STANDARD ELECTRIC,Overnight,Loop A,FALSE,-112.988444,37.197297,88.0931677018634
128,ZION-1590,Zion National Park,74324,Intermountain Region,232445,84767,70923,Watchman (UT),Overnight,496,A025,STANDARD ELECTRIC,Overnight,Loop A,FALSE,-112.987942,37.1973,114.859504132231
128,ZION-1590,Zion National Park,74324,Intermountain Region,232445,84767,70923,Watchman (UT),Overnight,500,A027,STANDARD ELECTRIC,Overnight,Loop A,FALSE,-112.987844,37.197434,112.025641025641
128,ZION-1590,Zion National Park,74324,Intermountain Region,232445,84767,70923,Watchman (UT),Overnight,501,A028,STANDARD ELECTRIC,Overnight,Loop A,FALSE,-112.988042,37.197563,103.067164179104
128,ZION-1590,Zion National Park,74324,Intermountain Region,232445,84767,70923,Watchman (UT),Overnight,467,A029,STANDARD ELECTRIC,Overnight,Loop A,FALSE,-112.987721,37.197557,100.707317073171
128,ZION-1590,Zion National Park,74324,Intermountain Region,232445,84767,70923,Watchman (UT),Overnight,392,A030,STANDARD ELECTRIC,Overnight,Loop A,FALSE,-112.987884,37.197714,90.433962264151
128,ZION-1590,Zion National Park,74324,Intermountain Region,232445,84767,70923,Watchman (UT),Overnight,451,B001,STANDARD ELECTRIC,Overnight,Loop B,FALSE,-112.989505,37.196355,74.748427672956
128,ZION-1590,Zion National Park,74324,Intermountain Region,232445,84767,70923,Watchman (UT),Overnight,462,B002,STANDARD ELECTRIC,Overnight,Loop B,FALSE,-112.989805,37.196289,80.5266666666667
128,ZION-1590,Zion National Park,74324,Intermountain Region,232445,84767,70923,Watchman (UT),Overnight,383,B003,STANDARD ELECTRIC,Overnight,Loop B,FALSE,-112.989511,37.196096,81.1986301369863
128,ZION-1590,Zion National Park,74324,Intermountain Region,232445,84767,70923,Watchman (UT),Overnight,405,B004,STANDARD ELECTRIC,Overnight,Loop B,FALSE,-112.98979,37.19616,81.1590909090909
128,ZION-1590,Zion National Park,74324,Intermountain Region,232445,84767,70923,Watchman (UT),Overnight,497,B005,STANDARD ELECTRIC,Overnight,Loop B,FALSE,-112.989374,37.195952,82.4846153846154
128,ZION-1590,Zion National Park,74324,Intermountain Region,232445,84767,70923,Watchman (UT),Overnight,365,B006,STANDARD ELECTRIC,Overnight,Loop B,FALSE,-112.989683,37.196022,89.8857142857143
128,ZION-1590,Zion National Park,74324,Intermountain Region,232445,84767,70923,Watchman (UT),Overnight,353,B007,STANDARD ELECTRIC,Overnight,Loop B,FALSE,-112.989321,37.195737,92.0093457943925
128,ZION-1590,Zion National Park,74324,Intermountain Region,232445,84767,70923,Watchman (UT),Overnight,505,B008,STANDARD ELECTRIC,Overnight,Loop B,FALSE,-112.989353,37.195504,82.1870967741936
128,ZION-1590,Zion National Park,74324,Intermountain Region,232445,84767,70923,Watchman (UT),Overnight,443,B009,STANDARD ELECTRIC,Overnight,Loop B,FALSE,-112.989358,37.19529,91.3235294117647
128,ZION-1590,Zion National Park,74324,Intermountain Region,232445,84767,70923,Watchman (UT),Overnight,354,B010,STANDARD ELECTRIC,Overnight,Loop B,FALSE,-112.989515,37.19506,73.9923076923077
128,ZION-1590,Zion National Park,74324,Intermountain Region,232445,84767,70923,Watchman (UT),Overnight,376,B011,STANDARD ELECTRIC,Overnight,Loop B,FALSE,-112.989317,37.195168,71.472972972973
128,ZION-1590,Zion National Park,74324,Intermountain Region,232445,84767,70923,Watchman (UT),Overnight,508,B012,STANDARD ELECTRIC,Overnight,Loop B,FALSE,-112.989264,37.194982,77.8275862068966
128,ZION-1590,Zion National Park,74324,Intermountain Region,232445,84767,70923,Watchman (UT),Overnight,370,B013,STANDARD ELECTRIC,Overnight,Loop B,FALSE,-112.989184,37.194698,74.9305555555556
128,ZION-1590,Zion National Park,74324,Intermountain Region,232445,84767,70923,Watchman (UT),Overnight,422,B014,STANDARD ELECTRIC,Overnight,Loop B,FALSE,-112.989466,37.194805,75.603305785124
128,ZION-1590,Zion National Park,74324,Intermountain Region,232445,84767,70923,Watchman (UT),Overnight,375,B015,STANDARD ELECTRIC,Overnight,Loop B,FALSE,-112.989102,37.194558,85.9189189189189
128,ZION-1590,Zion National Park,74324,Intermountain Region,232445,84767,70923,Watchman (UT),Overnight,387,B017,STANDARD ELECTRIC,Overnight,Loop B,FALSE,-112.988967,37.19446,87.7421875
128,ZION-1590,Zion National Park,74324,Intermountain Region,232445,84767,70923,Watchman (UT),Overnight,452,B018a,STANDARD ELECTRIC,Overnight,Loop B,FALSE,-112.989359,37.194461,91.6493506493507
128,ZION-1590,Zion National Park,74324,Intermountain Region,232445,84767,70923,Watchman (UT),Overnight,378,B018b,STANDARD ELECTRIC,Overnight,Loop B,FALSE,-112.989334,37.194426,75.7411764705882
128,ZION-1590,Zion National Park,74324,Intermountain Region,232445,84767,70923,Watchman (UT),Overnight,345,B018c,STANDARD ELECTRIC,Overnight,Loop B,FALSE,-112.989299,37.194368,82.9716312056738
128,ZION-1590,Zion National Park,74324,Intermountain Region,232445,84767,70923,Watchman (UT),Overnight,486,B019,STANDARD ELECTRIC,Overnight,Loop B,FALSE,-112.988509,37.194277,72.6027397260274
128,ZION-1590,Zion National Park,74324,Intermountain Region,232445,84767,70923,Watchman (UT),Overnight,431,B020,STANDARD ELECTRIC,Overnight,Loop B,FALSE,-112.988455,37.194454,77.0692307692308
128,ZION-1590,Zion National Park,74324,Intermountain Region,232445,84767,70923,Watchman (UT),Overnight,472,B021,STANDARD ELECTRIC,Overnight,Loop B,FALSE,-112.988677,37.194465,90.775
128,ZION-1590,Zion National Park,74324,Intermountain Region,232445,84767,70923,Watchman (UT),Overnight,482,B022,STANDARD ELECTRIC,Overnight,Loop B,FALSE,-112.988475,37.194604,66.4921875
128,ZION-1590,Zion National Park,74324,Intermountain Region,232445,84767,70923,Watchman (UT),Overnight,374,B023,STANDARD ELECTRIC,Overnight,Loop B,FALSE,-112.988767,37.194674,83.8550724637681
128,ZION-1590,Zion National Park,74324,Intermountain Region,232445,84767,70923,Watchman (UT),Overnight,379,B024,STANDARD ELECTRIC,Overnight,Loop B,FALSE,-112.988657,37.194943,71.4117647058824
128,ZION-1590,Zion National Park,74324,Intermountain Region,232445,84767,70923,Watchman (UT),Overnight,340,B025,STANDARD ELECTRIC,Overnight,Loop B,FALSE,-112.988967,37.195057,82.5112781954887
128,ZION-1590,Zion National Park,74324,Intermountain Region,232445,84767,70923,Watchman (UT),Overnight,456,B026,STANDARD ELECTRIC,Overnight,Loop B,FALSE,-112.988726,37.195052,90.2195121951219
128,ZION-1590,Zion National Park,74324,Intermountain Region,232445,84767,70923,Watchman (UT),Overnight,357,B027,STANDARD ELECTRIC,Overnight,Loop B,FALSE,-112.989042,37.195197,93.018018018018
128,ZION-1590,Zion National Park,74324,Intermountain Region,232445,84767,70923,Watchman (UT),Overnight,394,B028,STANDARD ELECTRIC,Overnight,Loop B,FALSE,-112.988785,37.195219,90.0869565217391
128,ZION-1590,Zion National Park,74324,Intermountain Region,232445,84767,70923,Watchman (UT),Overnight,406,B029,STANDARD ELECTRIC,Overnight,Loop B,FALSE,-112.989108,37.195378,85.0857142857143
128,ZION-1590,Zion National Park,74324,Intermountain Region,232445,84767,70923,Watchman (UT),Overnight,434,B030,STANDARD ELECTRIC,Overnight,Loop B,FALSE,-112.98887,37.195447,74.5205479452055
128,ZION-1590,Zion National Park,74324,Intermountain Region,232445,84767,70923,Watchman (UT),Overnight,401,B031,STANDARD ELECTRIC,Overnight,Loop B,FALSE,-112.989143,37.195556,97.5130434782609
128,ZION-1590,Zion National Park,74324,Intermountain Region,232445,84767,70923,Watchman (UT),Overnight,358,B032,STANDARD ELECTRIC,Overnight,Loop B,FALSE,-112.988877,37.195696,93.1782945736434
128,ZION-1590,Zion National Park,74324,Intermountain Region,232445,84767,70923,Watchman (UT),Overnight,388,B033,STANDARD ELECTRIC,Overnight,Loop B,FALSE,-112.989144,37.195695,83.7724137931035
128,ZION-1590,Zion National Park,74324,Intermountain Region,232445,84767,70923,Watchman (UT),Overnight,385,B034,STANDARD ELECTRIC,Overnight,Loop B,FALSE,-112.988837,37.195907,81.8728813559322
128,ZION-1590,Zion National Park,74324,Intermountain Region,232445,84767,70923,Watchman (UT),Overnight,509,B035,STANDARD ELECTRIC,Overnight,Loop B,FALSE,-112.989102,37.195858,102.674242424242
128,ZION-1590,Zion National Park,74324,Intermountain Region,232445,84767,70923,Watchman (UT),Overnight,473,B036,STANDARD ELECTRIC,Overnight,Loop B,FALSE,-112.988834,37.196132,83.216
128,ZION-1590,Zion National Park,74324,Intermountain Region,232445,84767,70923,Watchman (UT),Overnight,359,B037,STANDARD ELECTRIC,Overnight,Loop B,FALSE,-112.989082,37.196097,84.9051724137931
128,ZION-1590,Zion National Park,74324,Intermountain Region,232445,84767,70923,Watchman (UT),Overnight,395,B038,STANDARD ELECTRIC,Overnight,Loop B,FALSE,-112.988816,37.196401,79.4186046511628
128,ZION-1590,Zion National Park,74324,Intermountain Region,232445,84767,70923,Watchman (UT),Overnight,407,B039,STANDARD ELECTRIC,Overnight,Loop B,FALSE,-112.989103,37.196271,85.212389380531
128,ZION-1590,Zion National Park,74324,Intermountain Region,232445,84767,70923,Watchman (UT),Overnight,425,B041,STANDARD ELECTRIC,Overnight,Loop B,FALSE,-112.989753,37.195827,77.1020408163265
128,ZION-1590,Zion National Park,74324,Intermountain Region,232445,84767,70923,Watchman (UT),Overnight,402,B042R,STANDARD ELECTRIC,Overnight,Loop B,FALSE,-112.989892,37.195715,85.1418439716312
128,ZION-1590,Zion National Park,74324,Intermountain Region,232445,84767,70923,Watchman (UT),Overnight,348,B043,STANDARD ELECTRIC,Overnight,Loop B,FALSE,-112.989685,37.195641,84.4803149606299
128,ZION-1590,Zion National Park,74324,Intermountain Region,232445,84767,70923,Watchman (UT),Overnight,457,B044R,STANDARD ELECTRIC,Overnight,Loop B,FALSE,-112.989955,37.195402,71.3852459016394
128,ZION-1590,Zion National Park,74324,Intermountain Region,232445,84767,70923,Watchman (UT),Overnight,396,B045,STANDARD ELECTRIC,Overnight,Loop B,FALSE,-112.989708,37.194986,89.9302325581395
128,ZION-1590,Zion National Park,74324,Intermountain Region,232445,84767,70923,Watchman (UT),Overnight,411,B046R,STANDARD ELECTRIC,Overnight,Loop B,FALSE,-112.989917,37.195081,86.9178082191781
128,ZION-1590,Zion National Park,74324,Intermountain Region,232445,84767,70923,Watchman (UT),Overnight,436,B047,STANDARD ELECTRIC,Overnight,Loop B,FALSE,-112.989699,37.194841,82.6231884057971
128,ZION-1590,Zion National Park,74324,Intermountain Region,232445,84767,70923,Watchman (UT),Overnight,468,B048R,STANDARD ELECTRIC,Overnight,Loop B,FALSE,-112.989923,37.194871,90.0833333333333
128,ZION-1590,Zion National Park,74324,Intermountain Region,232445,84767,70923,Watchman (UT),Overnight,361,B049,STANDARD ELECTRIC,Overnight,Loop B,FALSE,-112.989675,37.194598,88.7674418604651
128,ZION-1590,Zion National Park,74324,Intermountain Region,232445,84767,70923,Watchman (UT),Overnight,444,B050R,STANDARD ELECTRIC,Overnight,Loop B,FALSE,-112.989922,37.19474,76.9243697478992
128,ZION-1590,Zion National Park,74324,Intermountain Region,232445,84767,70923,Watchman (UT),Overnight,427,B051,STANDARD ELECTRIC,Overnight,Loop B,FALSE,-112.989623,37.194449,76.3725490196079
128,ZION-1590,Zion National Park,74324,Intermountain Region,232445,84767,70923,Watchman (UT),Overnight,367,B052R,STANDARD ELECTRIC,Overnight,Loop B,FALSE,-112.989901,37.194365,67.9548872180451
128,ZION-1590,Zion National Park,74324,Intermountain Region,232445,84767,70923,Watchman (UT),Overnight,442,B053a,STANDARD ELECTRIC,Overnight,Loop B,FALSE,-112.989637,37.194326,80.0722891566265
128,ZION-1590,Zion National Park,74324,Intermountain Region,232445,84767,70923,Watchman (UT),Overnight,437,B053b,STANDARD ELECTRIC,Overnight,Loop B,FALSE,-112.989614,37.194298,85.4788732394366
128,ZION-1590,Zion National Park,74324,Intermountain Region,232445,84767,70923,Watchman (UT),Overnight,412,B053c,STANDARD ELECTRIC,Overnight,Loop B,FALSE,-112.989586,37.194264,90.5838926174497
128,ZION-1590,Zion National Park,74324,Intermountain Region,232445,84767,70923,Watchman (UT),Overnight,346,B054R,STANDARD ELECTRIC,Overnight,Loop B,FALSE,-112.989793,37.194207,86.6915887850467
128,ZION-1590,Zion National Park,74324,Intermountain Region,232445,84767,70923,Watchman (UT),Overnight,491,B055R,STANDARD ELECTRIC,Overnight,Loop B,FALSE,-112.98955,37.193999,65.4895104895105
128,ZION-1590,Zion National Park,74324,Intermountain Region,232445,84767,70923,Watchman (UT),Overnight,475,B056R,STANDARD ELECTRIC,Overnight,Loop B,FALSE,-112.98935,37.19391,83.1307692307692
128,ZION-1590,Zion National Park,74324,Intermountain Region,232445,84767,70923,Watchman (UT),Overnight,439,B057,STANDARD ELECTRIC,Overnight,Loop B,FALSE,-112.989258,37.194087,80.8239436619718
128,ZION-1590,Zion National Park,74324,Intermountain Region,232445,84767,70923,Watchman (UT),Overnight,389,B058,STANDARD ELECTRIC,Overnight,Loop B,FALSE,-112.989003,37.193941,77.96
128,ZION-1590,Zion National Park,74324,Intermountain Region,232445,84767,70923,Watchman (UT),Overnight,341,B059,STANDARD ELECTRIC,Overnight,Loop B,FALSE,-112.988911,37.194201,89.2566371681416
128,ZION-1590,Zion National Park,74324,Intermountain Region,232445,84767,70923,Watchman (UT),Overnight,347,B060,STANDARD ELECTRIC,Overnight,Loop B,FALSE,-112.988832,37.193998,86.4015748031496
128,ZION-1590,Zion National Park,74324,Intermountain Region,232445,84767,70923,Watchman (UT),Overnight,492,B061,STANDARD ELECTRIC,Overnight,Loop B,FALSE,-112.988651,37.194143,76.5
128,ZION-1590,Zion National Park,74324,Intermountain Region,232445,84767,70923,Watchman (UT),Overnight,369,C002,TENT ONLY NONELECTRIC,Overnight,Loop C,FALSE,-112.987103,37.197167,111.478723404255
128,ZION-1590,Zion National Park,74324,Intermountain Region,232445,84767,70923,Watchman (UT),Overnight,344,C003,TENT ONLY NONELECTRIC,Overnight,Loop C,FALSE,-112.987393,37.197124,118.558659217877
128,ZION-1590,Zion National Park,74324,Intermountain Region,232445,84767,70923,Watchman (UT),Overnight,393,C004,TENT ONLY NONELECTRIC,Overnight,Loop C,FALSE,-112.98745,37.197,107.197860962567
128,ZION-1590,Zion National Park,74324,Intermountain Region,232445,84767,70923,Watchman (UT),Overnight,355,C005,TENT ONLY NONELECTRIC,Overnight,Loop C,FALSE,-112.987272,37.196862,95.1805555555556
128,ZION-1590,Zion National Park,74324,Intermountain Region,232445,84767,70923,Watchman (UT),Overnight,487,C006,TENT ONLY NONELECTRIC,Overnight,Loop C,FALSE,-112.987533,37.196834,105.369230769231
128,ZION-1590,Zion National Park,74324,Intermountain Region,232445,84767,70923,Watchman (UT),Overnight,356,C007,TENT ONLY NONELECTRIC,Overnight,Loop C,FALSE,-112.98735,37.196671,94.5951219512195
128,ZION-1590,Zion National Park,74324,Intermountain Region,232445,84767,70923,Watchman (UT),Overnight,423,C008,TENT ONLY NONELECTRIC,Overnight,Loop C,FALSE,-112.98743,37.196521,102.801169590643
128,ZION-1590,Zion National Park,74324,Intermountain Region,232445,84767,70923,Watchman (UT),Overnight,400,C009,TENT ONLY NONELECTRIC,Overnight,Loop C,FALSE,-112.987655,37.19657,112.349726775956
128,ZION-1590,Zion National Park,74324,Intermountain Region,232445,84767,70923,Watchman (UT),Overnight,415,C010,TENT ONLY NONELECTRIC,Overnight,Loop C,FALSE,-112.987736,37.196363,95.7351351351351
128,ZION-1590,Zion National Park,74324,Intermountain Region,232445,84767,70923,Watchman (UT),Overnight,384,C011,TENT ONLY NONELECTRIC,Overnight,Loop C,FALSE,-112.987493,37.196306,97.1116751269036
128,ZION-1590,Zion National Park,74324,Intermountain Region,232445,84767,70923,Watchman (UT),Overnight,510,C012,TENT ONLY NONELECTRIC,Overnight,Loop C,FALSE,-112.987405,37.1962,97.6542553191489
128,ZION-1590,Zion National Park,74324,Intermountain Region,232445,84767,70923,Watchman (UT),Overnight,450,C013,TENT ONLY NONELECTRIC,Overnight,Loop C,FALSE,-112.987262,37.196135,97.5164835164835
128,ZION-1590,Zion National Park,74324,Intermountain Region,232445,84767,70923,Watchman (UT),Overnight,424,C014,TENT ONLY NONELECTRIC,Overnight,Loop C,TRUE,-112.987491,37.196017,109.288888888889
128,ZION-1590,Zion National Park,74324,Intermountain Region,232445,84767,70923,Watchman (UT),Overnight,366,C015,TENT ONLY NONELECTRIC,Overnight,Loop C,FALSE,-112.987275,37.195927,105.05291005291
128,ZION-1590,Zion National Park,74324,Intermountain Region,232445,84767,70923,Watchman (UT),Overnight,360,C016HC,MANAGEMENT,Overnight,Loop C,TRUE,-112.986969,37.196066,86.9944134078212
128,ZION-1590,Zion National Park,74324,Intermountain Region,232445,84767,70923,Watchman (UT),Overnight,463,C017,TENT ONLY NONELECTRIC,Overnight,Loop C,FALSE,-112.986729,37.196013,96.9820359281437
128,ZION-1590,Zion National Park,74324,Intermountain Region,232445,84767,70923,Watchman (UT),Overnight,426,C018,TENT ONLY NONELECTRIC,Overnight,Loop C,FALSE,-112.986671,37.196171,99.4914285714286
128,ZION-1590,Zion National Park,74324,Intermountain Region,232445,84767,70923,Watchman (UT),Overnight,458,C019,TENT ONLY NONELECTRIC,Overnight,Loop C,FALSE,-112.986653,37.196327,110.98064516129
128,ZION-1590,Zion National Park,74324,Intermountain Region,232445,84767,70923,Watchman (UT),Overnight,397,C020,TENT ONLY NONELECTRIC,Overnight,Loop C,TRUE,-112.986886,37.196367,87.4521276595745
128,ZION-1590,Zion National Park,74324,Intermountain Region,232445,84767,70923,Watchman (UT),Overnight,447,C021,TENT ONLY NONELECTRIC,Overnight,Loop C,FALSE,-112.98686,37.196516,100.216374269006
128,ZION-1590,Zion National Park,74324,Intermountain Region,232445,84767,70923,Watchman (UT),Overnight,511,C022,TENT ONLY NONELECTRIC,Overnight,Loop C,FALSE,-112.986627,37.196514,101.769662921348
128,ZION-1590,Zion National Park,74324,Intermountain Region,232445,84767,70923,Watchman (UT),Overnight,441,C023,TENT ONLY NONELECTRIC,Overnight,Loop C,FALSE,-112.98686,37.196658,103.576271186441
128,ZION-1590,Zion National Park,74324,Intermountain Region,232445,84767,70923,Watchman (UT),Overnight,438,C024,TENT ONLY NONELECTRIC,Overnight,Loop C,FALSE,-112.986625,37.196658,105.823529411765
128,ZION-1590,Zion National Park,74324,Intermountain Region,232445,84767,70923,Watchman (UT),Overnight,488,C025,TENT ONLY NONELECTRIC,Overnight,Loop C,FALSE,-112.986605,37.19681,98.3807106598985
128,ZION-1590,Zion National Park,74324,Intermountain Region,232445,84767,70923,Watchman (UT),Overnight,474,C026,TENT ONLY NONELECTRIC,Overnight,Loop C,FALSE,-112.986844,37.196835,102.125748502994
128,ZION-1590,Zion National Park,74324,Intermountain Region,232445,84767,70923,Watchman (UT),Overnight,391,C027,TENT ONLY NONELECTRIC,Overnight,Loop C,FALSE,-112.986593,37.196972,114.653179190751
128,ZION-1590,Zion National Park,74324,Intermountain Region,232445,84767,70923,Watchman (UT),Overnight,419,C028,TENT ONLY NONELECTRIC,Overnight,Loop C,FALSE,-112.986832,37.196975,106.881355932203
128,ZION-1590,Zion National Park,74324,Intermountain Region,232445,84767,70923,Watchman (UT),Overnight,398,D001,TENT ONLY NONELECTRIC,Overnight,Loop D,FALSE,-112.986282,37.19708,102.594285714286
128,ZION-1590,Zion National Park,74324,Intermountain Region,232445,84767,70923,Watchman (UT),Overnight,413,D002,TENT ONLY NONELECTRIC,Overnight,Loop D,FALSE,-112.986075,37.196942,97.9766081871345
128,ZION-1590,Zion National Park,74324,Intermountain Region,232445,84767,70923,Watchman (UT),Overnight,349,D003,TENT ONLY NONELECTRIC,Overnight,Loop D,FALSE,-112.986304,37.196943,96.989010989011
128,ZION-1590,Zion National Park,74324,Intermountain Region,232445,84767,70923,Watchman (UT),Overnight,493,D004,TENT ONLY NONELECTRIC,Overnight,Loop D,FALSE,-112.986104,37.196777,92.1807228915663
128,ZION-1590,Zion National Park,74324,Intermountain Region,232445,84767,70923,Watchman (UT),Overnight,362,D005,TENT ONLY NONELECTRIC,Overnight,Loop D,FALSE,-112.986346,37.196774,108.777777777778
128,ZION-1590,Zion National Park,74324,Intermountain Region,232445,84767,70923,Watchman (UT),Overnight,418,D006,TENT ONLY NONELECTRIC,Overnight,Loop D,FALSE,-112.986144,37.196621,99.4848484848485
128,ZION-1590,Zion National Park,74324,Intermountain Region,232445,84767,70923,Watchman (UT),Overnight,483,D008,TENT ONLY NONELECTRIC,Overnight,Loop D,FALSE,-112.986187,37.196471,91.3461538461539
128,ZION-1590,Zion National Park,74324,Intermountain Region,232445,84767,70923,Watchman (UT),Overnight,399,D009,TENT ONLY NONELECTRIC,Overnight,Loop D,FALSE,-112.986417,37.196488,86.4606741573034
128,ZION-1590,Zion National Park,74324,Intermountain Region,232445,84767,70923,Watchman (UT),Overnight,351,D010,TENT ONLY NONELECTRIC,Overnight,Loop D,FALSE,-112.986457,37.196332,104.150684931507
128,ZION-1590,Zion National Park,74324,Intermountain Region,232445,84767,70923,Watchman (UT),Overnight,428,D011,TENT ONLY NONELECTRIC,Overnight,Loop D,TRUE,-112.986269,37.196124,103.018987341772
128,ZION-1590,Zion National Park,74324,Intermountain Region,232445,84767,70923,Watchman (UT),Overnight,371,D012,TENT ONLY NONELECTRIC,Overnight,Loop D,FALSE,-112.986534,37.196014,97.8837209302326
128,ZION-1590,Zion National Park,74324,Intermountain Region,232445,84767,70923,Watchman (UT),Overnight,380,D013,TENT ONLY NONELECTRIC,Overnight,Loop D,FALSE,-112.986307,37.195953,98.1410256410256
128,ZION-1590,Zion National Park,74324,Intermountain Region,232445,84767,70923,Watchman (UT),Overnight,386,D014,TENT ONLY NONELECTRIC,Overnight,Loop D,FALSE,-112.98657,37.195845,103.706896551724
128,ZION-1590,Zion National Park,74324,Intermountain Region,232445,84767,70923,Watchman (UT),Overnight,342,D015,TENT ONLY NONELECTRIC,Overnight,Loop D,FALSE,-112.98633,37.195775,114.048275862069
128,ZION-1590,Zion National Park,74324,Intermountain Region,232445,84767,70923,Watchman (UT),Overnight,470,D016HC,MANAGEMENT,Overnight,Loop D,TRUE,-112.986524,37.195652,101.089473684211
128,ZION-1590,Zion National Park,74324,Intermountain Region,232445,84767,70923,Watchman (UT),Overnight,460,D017,TENT ONLY NONELECTRIC,Overnight,Loop D,FALSE,-112.986359,37.19552,107.657458563536
128,ZION-1590,Zion National Park,74324,Intermountain Region,232445,84767,70923,Watchman (UT),Overnight,363,D018,TENT ONLY NONELECTRIC,Overnight,Loop D,FALSE,-112.986159,37.195664,105.320261437909
128,ZION-1590,Zion National Park,74324,Intermountain Region,232445,84767,70923,Watchman (UT),Overnight,506,D019,TENT ONLY NONELECTRIC,Overnight,Loop D,FALSE,-112.986114,37.195466,116.337142857143
128,ZION-1590,Zion National Park,74324,Intermountain Region,232445,84767,70923,Watchman (UT),Overnight,390,D020,TENT ONLY NONELECTRIC,Overnight,Loop D,FALSE,-112.985796,37.195535,116.892857142857
128,ZION-1590,Zion National Park,74324,Intermountain Region,232445,84767,70923,Watchman (UT),Overnight,448,D021,TENT ONLY NONELECTRIC,Overnight,Loop D,FALSE,-112.985667,37.195655,107.098684210526
128,ZION-1590,Zion National Park,74324,Intermountain Region,232445,84767,70923,Watchman (UT),Overnight,435,D022,TENT ONLY NONELECTRIC,Overnight,Loop D,FALSE,-112.985865,37.195751,96.8823529411765
128,ZION-1590,Zion National Park,74324,Intermountain Region,232445,84767,70923,Watchman (UT),Overnight,465,D023,TENT ONLY NONELECTRIC,Overnight,Loop D,FALSE,-112.985786,37.195873,95.4857142857143
128,ZION-1590,Zion National Park,74324,Intermountain Region,232445,84767,70923,Watchman (UT),Overnight,381,D024,TENT ONLY NONELECTRIC,Overnight,Loop D,FALSE,-112.985547,37.195841,92.1421319796954
128,ZION-1590,Zion National Park,74324,Intermountain Region,232445,84767,70923,Watchman (UT),Overnight,350,D025,TENT ONLY NONELECTRIC,Overnight,Loop D,FALSE,-112.985487,37.19599,106.814569536424
128,ZION-1590,Zion National Park,74324,Intermountain Region,232445,84767,70923,Watchman (UT),Overnight,494,D026,TENT ONLY NONELECTRIC,Overnight,Loop D,FALSE,-112.985722,37.196014,92.8842105263158
128,ZION-1590,Zion National Park,74324,Intermountain Region,232445,84767,70923,Watchman (UT),Overnight,364,D027,TENT ONLY NONELECTRIC,Overnight,Loop D,FALSE,-112.985441,37.196157,92.7770700636943
128,ZION-1590,Zion National Park,74324,Intermountain Region,232445,84767,70923,Watchman (UT),Overnight,477,D028,TENT ONLY NONELECTRIC,Overnight,Loop D,FALSE,-112.985685,37.196163,113.188811188811
128,ZION-1590,Zion National Park,74324,Intermountain Region,232445,84767,70923,Watchman (UT),Overnight,416,D029,TENT ONLY NONELECTRIC,Overnight,Loop D,FALSE,-112.985429,37.196308,118.105263157895
128,ZION-1590,Zion National Park,74324,Intermountain Region,232445,84767,70923,Watchman (UT),Overnight,429,D030,TENT ONLY NONELECTRIC,Overnight,Loop D,FALSE,-112.985667,37.196316,94.3296703296703
128,ZION-1590,Zion National Park,74324,Intermountain Region,232445,84767,70923,Watchman (UT),Overnight,372,D031,TENT ONLY NONELECTRIC,Overnight,Loop D,FALSE,-112.985437,37.196505,109.720670391061
128,ZION-1590,Zion National Park,74324,Intermountain Region,232445,84767,70923,Watchman (UT),Overnight,414,D032,TENT ONLY NONELECTRIC,Overnight,Loop D,FALSE,-112.985672,37.196504,92.2802197802198
128,ZION-1590,Zion National Park,74324,Intermountain Region,232445,84767,70923,Watchman (UT),Overnight,512,D033,TENT ONLY NONELECTRIC,Overnight,Loop D,FALSE,-112.985478,37.19667,103.604651162791
128,ZION-1590,Zion National Park,74324,Intermountain Region,232445,84767,70923,Watchman (UT),Overnight,498,D034,TENT ONLY NONELECTRIC,Overnight,Loop D,FALSE,-112.985731,37.196715,96.0984455958549
128,ZION-1590,Zion National Park,74324,Intermountain Region,232445,84767,70923,Watchman (UT),Overnight,516,D035,TENT ONLY NONELECTRIC,Overnight,Loop D,FALSE,-112.985519,37.196792,106.982352941176
128,ZION-1590,Zion National Park,74324,Intermountain Region,232445,84767,70923,Watchman (UT),Overnight,403,D036,TENT ONLY NONELECTRIC,Overnight,Loop D,FALSE,-112.985819,37.196823,91.6705882352941
128,ZION-1590,Zion National Park,74324,Intermountain Region,232445,84767,70923,Watchman (UT),Overnight,515,D037,TENT ONLY NONELECTRIC,Overnight,Loop D,FALSE,-112.985596,37.19691,108.335570469799
128,ZION-1590,Zion National Park,74324,Intermountain Region,232445,84767,70923,Watchman (UT),Overnight,513,D038,TENT ONLY NONELECTRIC,Overnight,Loop D,FALSE,-112.985707,37.197006,106.039325842697
128,ZION-1590,Zion National Park,74324,Intermountain Region,232445,84767,70923,Watchman (UT),Overnight,517,D039,TENT ONLY NONELECTRIC,Overnight,Loop D,FALSE,-112.985933,37.196905,94.1388888888889
128,ZION-1590,Zion National Park,74324,Intermountain Region,232445,84767,70923,Watchman (UT),Overnight,533,F001,WALK TO,Overnight,Loop F,FALSE,-112.985439,37.197185,115.433121019108
128,ZION-1590,Zion National Park,74324,Intermountain Region,232445,84767,70923,Watchman (UT),Overnight,527,F002,WALK TO,Overnight,Loop F,FALSE,-112.985239,37.19718,89.6084337349398
128,ZION-1590,Zion National Park,74324,Intermountain Region,232445,84767,70923,Watchman (UT),Overnight,526,F003,WALK TO,Overnight,Loop F,FALSE,-112.985294,37.197413,95.8253012048193
128,ZION-1590,Zion National Park,74324,Intermountain Region,232445,84767,70923,Watchman (UT),Overnight,522,F004,WALK TO,Overnight,Loop F,FALSE,-112.985184,37.197553,108.213333333333
128,ZION-1590,Zion National Park,74324,Intermountain Region,232445,84767,70923,Watchman (UT),Overnight,529,F005,WALK TO,Overnight,Loop F,FALSE,-112.985479,37.197554,96.5341614906832
128,ZION-1590,Zion National Park,74324,Intermountain Region,232445,84767,70923,Watchman (UT),Overnight,519,F006,WALK TO,Overnight,Loop F,FALSE,-112.985332,37.197756,90.8926174496644
128,ZION-1590,Zion National Park,74324,Intermountain Region,232445,84767,70923,Watchman (UT),Overnight,518,F007,WALK TO,Overnight,Loop F,FALSE,-112.985687,37.197781,101.924137931034
128,ZION-1590,Zion National Park,74324,Intermountain Region,232445,84767,70923,Watchman (UT),Overnight,520,F008,WALK TO,Overnight,Loop F,FALSE,-112.985437,37.197881,95.4444444444444
128,ZION-1590,Zion National Park,74324,Intermountain Region,232445,84767,70923,Watchman (UT),Overnight,524,F009,WALK TO,Overnight,Loop F,FALSE,-112.985795,37.197962,87.248447204969
128,ZION-1590,Zion National Park,74324,Intermountain Region,232445,84767,70923,Watchman (UT),Overnight,532,F010,WALK TO,Overnight,Loop F,FALSE,-112.98563,37.198046,94.8278145695364
128,ZION-1590,Zion National Park,74324,Intermountain Region,232445,84767,70923,Watchman (UT),Overnight,534,F011,WALK TO,Overnight,Loop F,FALSE,-112.985292,37.19798,107.729411764706
128,ZION-1590,Zion National Park,74324,Intermountain Region,232445,84767,70923,Watchman (UT),Overnight,525,F012,WALK TO,Overnight,Loop F,FALSE,-112.985414,37.198222,95.1761006289308
128,ZION-1590,Zion National Park,74324,Intermountain Region,232445,84767,70923,Watchman (UT),Overnight,530,F013,WALK TO,Overnight,Loop F,FALSE,-112.985969,37.198105,87.3391812865497
128,ZION-1590,Zion National Park,74324,Intermountain Region,232445,84767,70923,Watchman (UT),Overnight,535,F014,WALK TO,Overnight,Loop F,FALSE,-112.986001,37.198306,93.7115384615385
128,ZION-1590,Zion National Park,74324,Intermountain Region,232445,84767,70923,Watchman (UT),Overnight,528,F015,WALK TO,Overnight,Loop F,FALSE,-112.985808,37.19835,91.2075471698113
128,ZION-1590,Zion National Park,74324,Intermountain Region,232445,84767,70923,Watchman (UT),Overnight,523,F016,WALK TO,Overnight,Loop F,FALSE,-112.985787,37.198511,87.1744186046512
128,ZION-1590,Zion National Park,74324,Intermountain Region,232445,84767,70923,Watchman (UT),Overnight,521,F017,WALK TO,Overnight,Loop F,FALSE,-112.985532,37.198497,93.0552147239264
128,ZION-1590,Zion National Park,74324,Intermountain Region,232445,84767,70923,Watchman (UT),Overnight,531,F018,WALK TO,Overnight,Loop F,FALSE,-112.985577,37.1987,90.8535031847134
128,ZION-1590,Zion National Park,74324,Intermountain Region,232445,84767,70923,Watchman (UT),Overnight,333,Group Site E001,GROUP TENT ONLY AREA NONELECTRIC,Overnight,Zion Group Sites,FALSE,-112.987421,37.194671,102.823529411765
128,ZION-1590,Zion National Park,74324,Intermountain Region,232445,84767,70923,Watchman (UT),Overnight,332,Group Site E002,GROUP TENT ONLY AREA NONELECTRIC,Overnight,Zion Group Sites,FALSE,-112.987818,37.19493,106.629032258065
128,ZION-1590,Zion National Park,74324,Intermountain Region,232445,84767,70923,Watchman (UT),Overnight,335,Group Site E003,GROUP TENT ONLY AREA NONELECTRIC,Overnight,Zion Group Sites,FALSE,-112.987224,37.194918,110.558823529412
128,ZION-1590,Zion National Park,74324,Intermountain Region,232445,84767,70923,Watchman (UT),Overnight,334,Group Site E004,GROUP TENT ONLY AREA NONELECTRIC,Overnight,Zion Group Sites,FALSE,-112.98674,37.195112,111.694736842105
128,ZION-1590,Zion National Park,74324,Intermountain Region,232445,84767,70923,Watchman (UT),Overnight,336,Group Site E005,GROUP TENT ONLY AREA NONELECTRIC,Overnight,Zion Group Sites,FALSE,-112.987403,37.1955,97.1891891891892
128,ZION-1590,Zion National Park,74324,Intermountain Region,232445,84767,70923,Watchman (UT),Overnight,338,Group Site E007,GROUP TENT ONLY AREA NONELECTRIC,Overnight,Zion Group Sites,FALSE,-112.98774,37.195267,129.593406593407
